repo,date,views,uniques
stufield/agent-skills,2026-08-04,0,0
stufield/agent-skills,2026-08-05,0,0
stufield/agent-skills,2026-08-06,10,3
stufield/agent-skills,2026-08-07,4,1
stufield/agent-skills,2026-08-08,0,0
stufield/agent-skills,2026-08-09,0,0
stufield/agent-skills,2026-08-10,0,0
stufield/agent-skills,2026-08-11,0,0
stufield/agent-skills,2026-08-12,0,0
stufield/agent-skills,2026-08-13,0,0
stufield/agent-skills,2026-08-14,0,0
stufield/agent-skills,2026-08-15,0,0
stufield/agent-skills,2026-08-16,0,0
stufield/agent-skills,2026-08-17,0,0
stufield/agent-skills,2026-08-18,0,0
stufield/agent-skills,2026-08-19,0,0
stufield/agent-skills,2026-08-20,0,0
stufield/agent-skills,2026-08-21,0,0
stufield/agent-skills,2026-08-22,0,0
stufield/agent-skills,2026-08-23,0,0
stufield/agent-skills,2026-08-24,0,0
stufield/agent-skills,2026-08-25,0,0
stufield/agent-skills,2026-08-26,0,0
stufield/agent-skills,2026-08-27,0,0
stufield/agent-skills,2026-08-28,0,0
stufield/agent-skills,2026-08-29,0,0
stufield/agent-skills,2026-08-30,0,0
stufield/agent-skills,2026-08-31,0,0
stufield/agent-skills,2026-09-01,0,0
stufield/agent-skills,2026-09-02,0,0
stufield/agent-skills,2026-09-03,0,0
stufield/agent-skills,2026-09-04,0,0
stufield/App-AdatConc,2026-08-05,0,0
stufield/App-AdatConc,2026-08-06,0,0
stufield/App-AdatConc,2026-08-07,0,0
stufield/App-AdatConc,2026-08-08,0,0
stufield/App-AdatConc,2026-08-09,0,0
stufield/App-AdatConc,2026-08-10,0,0
stufield/App-AdatConc,2026-08-11,0,0
stufield/App-AdatConc,2026-08-12,0,0
stufield/App-AdatConc,2026-08-13,0,0
stufield/App-AdatConc,2026-08-14,0,0
stufield/App-AdatConc,2026-08-15,0,0
stufield/App-AdatConc,2026-08-16,0,0
stufield/App-AdatConc,2026-08-17,0,0
stufield/App-AdatConc,2026-08-18,0,0
stufield/App-AdatConc,2026-08-19,0,0
stufield/App-AdatConc,2026-08-20,0,0
stufield/App-AdatConc,2026-08-21,0,0
stufield/App-AdatConc,2026-08-22,0,0
stufield/App-AdatConc,2026-08-23,0,0
stufield/App-AdatConc,2026-08-24,0,0
stufield/App-AdatConc,2026-08-25,0,0
stufield/App-AdatConc,2026-08-26,0,0
stufield/App-AdatConc,2026-08-27,0,0
stufield/App-AdatConc,2026-08-28,0,0
stufield/App-AdatConc,2026-08-29,0,0
stufield/App-AdatConc,2026-08-30,0,0
stufield/App-AdatConc,2026-08-31,0,0
stufield/App-AdatConc,2026-09-01,0,0
stufield/App-AdatConc,2026-09-02,0,0
stufield/App-AdatConc,2026-09-03,0,0
stufield/App-AdatConc,2026-09-04,0,0
stufield/App-AdatConc,2026-09-05,0,0
stufield/art-lab-manual,2026-08-05,0,0
stufield/art-lab-manual,2026-08-06,0,0
stufield/art-lab-manual,2026-08-07,0,0
stufield/art-lab-manual,2026-08-08,0,0
stufield/art-lab-manual,2026-08-09,0,0
stufield/art-lab-manual,2026-08-10,0,0
stufield/art-lab-manual,2026-08-11,0,0
stufield/art-lab-manual,2026-08-12,0,0
stufield/art-lab-manual,2026-08-13,0,0
stufield/art-lab-manual,2026-08-14,0,0
stufield/art-lab-manual,2026-08-15,0,0
stufield/art-lab-manual,2026-08-16,0,0
stufield/art-lab-manual,2026-08-17,0,0
stufield/art-lab-manual,2026-08-18,0,0
stufield/art-lab-manual,2026-08-19,0,0
stufield/art-lab-manual,2026-08-20,0,0
stufield/art-lab-manual,2026-08-21,0,0
stufield/art-lab-manual,2026-08-22,0,0
stufield/art-lab-manual,2026-08-23,0,0
stufield/art-lab-manual,2026-08-24,0,0
stufield/art-lab-manual,2026-08-25,0,0
stufield/art-lab-manual,2026-08-26,0,0
stufield/art-lab-manual,2026-08-27,0,0
stufield/art-lab-manual,2026-08-28,0,0
stufield/art-lab-manual,2026-08-29,0,0
stufield/art-lab-manual,2026-08-30,0,0
stufield/art-lab-manual,2026-08-31,0,0
stufield/art-lab-manual,2026-09-01,0,0
stufield/art-lab-manual,2026-09-02,0,0
stufield/art-lab-manual,2026-09-03,0,0
stufield/art-lab-manual,2026-09-04,0,0
stufield/art-lab-manual,2026-09-05,0,0
stufield/calcr,2026-08-05,0,0
stufield/calcr,2026-08-06,0,0
stufield/calcr,2026-08-07,0,0
stufield/calcr,2026-08-08,0,0
stufield/calcr,2026-08-09,0,0
stufield/calcr,2026-08-10,0,0
stufield/calcr,2026-08-11,0,0
stufield/calcr,2026-08-12,0,0
stufield/calcr,2026-08-13,0,0
stufield/calcr,2026-08-14,0,0
stufield/calcr,2026-08-15,0,0
stufield/calcr,2026-08-16,0,0
stufield/calcr,2026-08-17,0,0
stufield/calcr,2026-08-18,0,0
stufield/calcr,2026-08-19,0,0
stufield/calcr,2026-08-20,0,0
stufield/calcr,2026-08-21,0,0
stufield/calcr,2026-08-22,0,0
stufield/calcr,2026-08-23,0,0
stufield/calcr,2026-08-24,0,0
stufield/calcr,2026-08-25,0,0
stufield/calcr,2026-08-26,0,0
stufield/calcr,2026-08-27,0,0
stufield/calcr,2026-08-28,0,0
stufield/calcr,2026-08-29,0,0
stufield/calcr,2026-08-30,0,0
stufield/calcr,2026-08-31,0,0
stufield/calcr,2026-09-01,0,0
stufield/calcr,2026-09-02,0,0
stufield/calcr,2026-09-03,0,0
stufield/calcr,2026-09-04,0,0
stufield/calcr,2026-09-05,0,0
stufield/careers,2026-08-04,0,0
stufield/careers,2026-08-05,0,0
stufield/careers,2026-08-06,0,0
stufield/careers,2026-08-07,0,0
stufield/careers,2026-08-08,0,0
stufield/careers,2026-08-09,0,0
stufield/careers,2026-08-10,0,0
stufield/careers,2026-08-11,0,0
stufield/careers,2026-08-12,0,0
stufield/careers,2026-08-13,0,0
stufield/careers,2026-08-14,0,0
stufield/careers,2026-08-15,0,0
stufield/careers,2026-08-16,0,0
stufield/careers,2026-08-17,0,0
stufield/careers,2026-08-21,0,0
stufield/careers,2026-08-22,0,0
stufield/careers,2026-08-23,0,0
stufield/careers,2026-08-24,0,0
stufield/careers,2026-08-25,0,0
stufield/careers,2026-08-26,0,0
stufield/careers,2026-08-27,0,0
stufield/careers,2026-08-28,0,0
stufield/careers,2026-08-29,0,0
stufield/careers,2026-08-30,0,0
stufield/careers,2026-08-31,0,0
stufield/careers,2026-09-01,0,0
stufield/careers,2026-09-02,0,0
stufield/careers,2026-09-03,0,0
stufield/careers,2026-09-04,0,0
stufield/careers,2026-09-05,0,0
stufield/code-works,2026-08-04,0,0
stufield/code-works,2026-08-05,0,0
stufield/code-works,2026-08-06,0,0
stufield/code-works,2026-08-07,0,0
stufield/code-works,2026-08-08,0,0
stufield/code-works,2026-08-09,0,0
stufield/code-works,2026-08-10,0,0
stufield/code-works,2026-08-11,0,0
stufield/code-works,2026-08-12,0,0
stufield/code-works,2026-08-13,0,0
stufield/code-works,2026-08-14,0,0
stufield/code-works,2026-08-15,0,0
stufield/code-works,2026-08-16,0,0
stufield/code-works,2026-08-17,0,0
stufield/code-works,2026-08-18,0,0
stufield/code-works,2026-08-19,0,0
stufield/code-works,2026-08-20,0,0
stufield/code-works,2026-08-21,0,0
stufield/code-works,2026-08-22,0,0
stufield/code-works,2026-08-23,0,0
stufield/code-works,2026-08-24,0,0
stufield/code-works,2026-08-25,0,0
stufield/code-works,2026-08-26,0,0
stufield/code-works,2026-08-27,0,0
stufield/code-works,2026-08-28,0,0
stufield/code-works,2026-08-29,0,0
stufield/code-works,2026-08-30,0,0
stufield/code-works,2026-08-31,0,0
stufield/code-works,2026-09-01,0,0
stufield/COVID-19,2026-07-31,0,0
stufield/COVID-19,2026-08-01,0,0
stufield/COVID-19,2026-08-02,0,0
stufield/COVID-19,2026-08-03,0,0
stufield/COVID-19,2026-08-04,0,0
stufield/COVID-19,2026-08-05,0,0
stufield/COVID-19,2026-08-06,0,0
stufield/COVID-19,2026-08-07,0,0
stufield/COVID-19,2026-08-08,0,0
stufield/COVID-19,2026-08-09,0,0
stufield/COVID-19,2026-08-10,0,0
stufield/COVID-19,2026-08-11,0,0
stufield/COVID-19,2026-08-12,0,0
stufield/COVID-19,2026-08-13,0,0
stufield/COVID-19,2026-08-14,0,0
stufield/COVID-19,2026-08-15,0,0
stufield/COVID-19,2026-08-16,0,0
stufield/COVID-19,2026-08-17,0,0
stufield/COVID-19,2026-08-18,0,0
stufield/COVID-19,2026-08-19,0,0
stufield/COVID-19,2026-08-20,0,0
stufield/COVID-19,2026-08-21,0,0
stufield/COVID-19,2026-08-22,0,0
stufield/COVID-19,2026-08-23,0,0
stufield/COVID-19,2026-08-24,0,0
stufield/COVID-19,2026-08-25,0,0
stufield/COVID-19,2026-08-26,0,0
stufield/COVID-19,2026-08-27,0,0
stufield/COVID-19,2026-08-28,0,0
stufield/COVID-19,2026-08-29,0,0
stufield/COVID-19,2026-08-30,0,0
stufield/COVID-19,2026-08-31,0,0
stufield/COVID-19,2026-09-01,0,0
stufield/COVID-19,2026-09-02,0,0
stufield/COVID-19,2026-09-03,0,0
stufield/COVID-19,2026-09-04,0,0
stufield/csu-career-day-2018,2026-08-04,0,0
stufield/csu-career-day-2018,2026-08-05,0,0
stufield/csu-career-day-2018,2026-08-06,0,0
stufield/csu-career-day-2018,2026-08-07,0,0
stufield/csu-career-day-2018,2026-08-08,0,0
stufield/csu-career-day-2018,2026-08-09,0,0
stufield/csu-career-day-2018,2026-08-10,0,0
stufield/csu-career-day-2018,2026-08-11,0,0
stufield/csu-career-day-2018,2026-08-12,0,0
stufield/csu-career-day-2018,2026-08-13,0,0
stufield/csu-career-day-2018,2026-08-14,0,0
stufield/csu-career-day-2018,2026-08-15,0,0
stufield/csu-career-day-2018,2026-08-16,0,0
stufield/csu-career-day-2018,2026-08-17,0,0
stufield/csu-career-day-2018,2026-08-18,0,0
stufield/csu-career-day-2018,2026-08-19,0,0
stufield/csu-career-day-2018,2026-08-20,0,0
stufield/csu-career-day-2018,2026-08-21,0,0
stufield/csu-career-day-2018,2026-08-22,0,0
stufield/csu-career-day-2018,2026-08-23,0,0
stufield/csu-career-day-2018,2026-08-24,0,0
stufield/csu-career-day-2018,2026-08-25,0,0
stufield/csu-career-day-2018,2026-08-26,0,0
stufield/csu-career-day-2018,2026-08-27,0,0
stufield/csu-career-day-2018,2026-08-28,0,0
stufield/csu-career-day-2018,2026-08-29,0,0
stufield/csu-career-day-2018,2026-08-30,0,0
stufield/csu-career-day-2018,2026-08-31,0,0
stufield/csu-career-day-2018,2026-09-01,0,0
stufield/devel,2026-08-02,0,0
stufield/devel,2026-08-03,0,0
stufield/devel,2026-08-04,0,0
stufield/devel,2026-08-05,0,0
stufield/devel,2026-08-06,0,0
stufield/devel,2026-08-07,0,0
stufield/devel,2026-08-08,0,0
stufield/devel,2026-08-09,0,0
stufield/devel,2026-08-10,0,0
stufield/devel,2026-08-11,0,0
stufield/devel,2026-08-12,0,0
stufield/devel,2026-08-13,0,0
stufield/devel,2026-08-14,0,0
stufield/devel,2026-08-15,0,0
stufield/devel,2026-08-16,0,0
stufield/devel,2026-08-17,0,0
stufield/devel,2026-08-18,0,0
stufield/devel,2026-08-19,0,0
stufield/devel,2026-08-20,0,0
stufield/devel,2026-08-21,0,0
stufield/devel,2026-08-22,0,0
stufield/devel,2026-08-23,0,0
stufield/devel,2026-08-24,0,0
stufield/devel,2026-08-25,0,0
stufield/devel,2026-08-26,0,0
stufield/devel,2026-08-27,0,0
stufield/devel,2026-08-28,0,0
stufield/devel,2026-08-29,0,0
stufield/devel,2026-08-30,0,0
stufield/devel,2026-08-31,0,0
stufield/devel,2026-09-01,0,0
stufield/devel,2026-09-02,0,0
stufield/enveda,2026-08-05,0,0
stufield/enveda,2026-08-06,0,0
stufield/enveda,2026-08-07,0,0
stufield/enveda,2026-08-08,0,0
stufield/enveda,2026-08-09,0,0
stufield/enveda,2026-08-10,0,0
stufield/enveda,2026-08-11,0,0
stufield/enveda,2026-08-12,0,0
stufield/enveda,2026-08-13,0,0
stufield/enveda,2026-08-14,0,0
stufield/enveda,2026-08-15,0,0
stufield/enveda,2026-08-16,0,0
stufield/enveda,2026-08-17,0,0
stufield/enveda,2026-08-18,0,0
stufield/enveda,2026-08-19,0,0
stufield/enveda,2026-08-20,0,0
stufield/enveda,2026-08-21,0,0
stufield/enveda,2026-08-22,0,0
stufield/enveda,2026-08-23,0,0
stufield/enveda,2026-08-24,0,0
stufield/enveda,2026-08-25,0,0
stufield/enveda,2026-08-26,0,0
stufield/enveda,2026-08-27,0,0
stufield/enveda,2026-08-28,0,0
stufield/enveda,2026-08-29,0,0
stufield/enveda,2026-08-30,0,0
stufield/enveda,2026-08-31,0,0
stufield/enveda,2026-09-01,0,0
stufield/enveda,2026-09-02,0,0
stufield/enveda,2026-09-03,0,0
stufield/enveda,2026-09-04,0,0
stufield/enveda,2026-09-05,0,0
stufield/featureselectr,2026-08-04,0,0
stufield/featureselectr,2026-08-05,0,0
stufield/featureselectr,2026-08-06,11,3
stufield/featureselectr,2026-08-07,0,0
stufield/featureselectr,2026-08-08,0,0
stufield/featureselectr,2026-08-09,0,0
stufield/featureselectr,2026-08-10,0,0
stufield/featureselectr,2026-08-11,0,0
stufield/featureselectr,2026-08-12,0,0
stufield/featureselectr,2026-08-13,0,0
stufield/featureselectr,2026-08-14,0,0
stufield/featureselectr,2026-08-15,0,0
stufield/featureselectr,2026-08-16,0,0
stufield/featureselectr,2026-08-17,0,0
stufield/featureselectr,2026-08-18,0,0
stufield/featureselectr,2026-08-19,0,0
stufield/featureselectr,2026-08-20,0,0
stufield/featureselectr,2026-08-21,0,0
stufield/featureselectr,2026-08-22,0,0
stufield/featureselectr,2026-08-23,0,0
stufield/featureselectr,2026-08-24,0,0
stufield/featureselectr,2026-08-25,0,0
stufield/featureselectr,2026-08-26,0,0
stufield/featureselectr,2026-08-27,0,0
stufield/featureselectr,2026-08-28,0,0
stufield/featureselectr,2026-08-29,0,0
stufield/featureselectr,2026-08-30,0,0
stufield/featureselectr,2026-08-31,0,0
stufield/featureselectr,2026-09-01,0,0
stufield/featureselectr,2026-09-02,0,0
stufield/featureselectr,2026-09-03,0,0
stufield/featureselectr,2026-09-04,0,0
stufield/git-hooks,2026-08-04,0,0
stufield/git-hooks,2026-08-05,0,0
stufield/git-hooks,2026-08-06,0,0
stufield/git-hooks,2026-08-07,0,0
stufield/git-hooks,2026-08-08,0,0
stufield/git-hooks,2026-08-09,0,0
stufield/git-hooks,2026-08-10,0,0
stufield/git-hooks,2026-08-11,0,0
stufield/git-hooks,2026-08-12,0,0
stufield/git-hooks,2026-08-13,0,0
stufield/git-hooks,2026-08-14,0,0
stufield/git-hooks,2026-08-15,0,0
stufield/git-hooks,2026-08-16,0,0
stufield/git-hooks,2026-08-17,0,0
stufield/git-hooks,2026-08-18,0,0
stufield/git-hooks,2026-08-19,0,0
stufield/git-hooks,2026-08-20,0,0
stufield/git-hooks,2026-08-21,0,0
stufield/git-hooks,2026-08-22,0,0
stufield/git-hooks,2026-08-23,0,0
stufield/git-hooks,2026-08-24,0,0
stufield/git-hooks,2026-08-25,0,0
stufield/git-hooks,2026-08-26,0,0
stufield/git-hooks,2026-08-27,0,0
stufield/git-hooks,2026-08-28,0,0
stufield/git-hooks,2026-08-29,0,0
stufield/git-hooks,2026-08-30,0,0
stufield/git-hooks,2026-08-31,0,0
stufield/git-hooks,2026-09-01,0,0
stufield/git-hooks,2026-09-02,0,0
stufield/git-hooks,2026-09-03,0,0
stufield/git-hooks,2026-09-04,0,0
stufield/git-STAA-577,2026-08-04,1,1
stufield/git-STAA-577,2026-08-05,0,0
stufield/git-STAA-577,2026-08-06,0,0
stufield/git-STAA-577,2026-08-07,1,1
stufield/git-STAA-577,2026-08-08,0,0
stufield/git-STAA-577,2026-08-09,0,0
stufield/git-STAA-577,2026-08-10,1,1
stufield/git-STAA-577,2026-08-11,0,0
stufield/git-STAA-577,2026-08-12,0,0
stufield/git-STAA-577,2026-08-13,1,1
stufield/git-STAA-577,2026-08-14,0,0
stufield/git-STAA-577,2026-08-15,0,0
stufield/git-STAA-577,2026-08-16,1,1
stufield/git-STAA-577,2026-08-17,1,1
stufield/git-STAA-577,2026-08-18,0,0
stufield/git-STAA-577,2026-08-19,1,1
stufield/git-STAA-577,2026-08-20,0,0
stufield/git-STAA-577,2026-08-21,0,0
stufield/git-STAA-577,2026-08-22,0,0
stufield/git-STAA-577,2026-08-23,0,0
stufield/git-STAA-577,2026-08-24,0,0
stufield/git-STAA-577,2026-08-25,0,0
stufield/git-STAA-577,2026-08-26,0,0
stufield/git-STAA-577,2026-08-27,0,0
stufield/git-STAA-577,2026-08-28,0,0
stufield/git-STAA-577,2026-08-29,0,0
stufield/git-STAA-577,2026-08-30,0,0
stufield/git-STAA-577,2026-08-31,0,0
stufield/git-STAA-577,2026-09-01,0,0
stufield/git-STAA-577,2026-09-02,0,0
stufield/git-STAA-577,2026-09-03,0,0
stufield/git-STAA-577,2026-09-04,0,0
stufield/gitr,2026-08-04,0,0
stufield/gitr,2026-08-05,0,0
stufield/gitr,2026-08-06,0,0
stufield/gitr,2026-08-07,0,0
stufield/gitr,2026-08-08,0,0
stufield/gitr,2026-08-09,0,0
stufield/gitr,2026-08-10,0,0
stufield/gitr,2026-08-11,1,1
stufield/gitr,2026-08-12,0,0
stufield/gitr,2026-08-13,2,2
stufield/gitr,2026-08-14,3,1
stufield/gitr,2026-08-15,0,0
stufield/gitr,2026-08-16,1,1
stufield/gitr,2026-08-17,4,4
stufield/gitr,2026-08-18,4,3
stufield/gitr,2026-08-19,0,0
stufield/gitr,2026-08-20,4,4
stufield/gitr,2026-08-21,2,2
stufield/gitr,2026-08-22,0,0
stufield/gitr,2026-08-23,0,0
stufield/gitr,2026-08-24,1,1
stufield/gitr,2026-08-25,1,1
stufield/gitr,2026-08-26,0,0
stufield/gitr,2026-08-27,1,1
stufield/gitr,2026-08-28,0,0
stufield/gitr,2026-08-29,0,0
stufield/gitr,2026-08-30,0,0
stufield/gitr,2026-08-31,3,1
stufield/gitr,2026-09-01,1,1
stufield/gitr,2026-09-02,1,1
stufield/gitr,2026-09-03,0,0
stufield/gitr,2026-09-04,0,0
stufield/grapevine,2026-08-04,0,0
stufield/grapevine,2026-08-05,0,0
stufield/grapevine,2026-08-06,1,1
stufield/grapevine,2026-08-07,0,0
stufield/grapevine,2026-08-08,0,0
stufield/grapevine,2026-08-09,0,0
stufield/grapevine,2026-08-10,0,0
stufield/grapevine,2026-08-11,0,0
stufield/grapevine,2026-08-12,0,0
stufield/grapevine,2026-08-13,0,0
stufield/grapevine,2026-08-14,0,0
stufield/grapevine,2026-08-15,0,0
stufield/grapevine,2026-08-16,0,0
stufield/grapevine,2026-08-17,0,0
stufield/grapevine,2026-08-18,0,0
stufield/grapevine,2026-08-19,0,0
stufield/grapevine,2026-08-20,0,0
stufield/grapevine,2026-08-21,0,0
stufield/grapevine,2026-08-22,0,0
stufield/grapevine,2026-08-23,0,0
stufield/grapevine,2026-08-24,0,0
stufield/grapevine,2026-08-25,0,0
stufield/grapevine,2026-08-26,0,0
stufield/grapevine,2026-08-27,0,0
stufield/grapevine,2026-08-28,0,0
stufield/grapevine,2026-08-29,0,0
stufield/grapevine,2026-08-30,0,0
stufield/grapevine,2026-08-31,0,0
stufield/grapevine,2026-09-01,0,0
stufield/grapevine,2026-09-02,0,0
stufield/grapevine,2026-09-03,0,0
stufield/grapevine,2026-09-04,0,0
stufield/helpr,2026-08-04,0,0
stufield/helpr,2026-08-05,0,0
stufield/helpr,2026-08-06,0,0
stufield/helpr,2026-08-07,0,0
stufield/helpr,2026-08-08,0,0
stufield/helpr,2026-08-09,0,0
stufield/helpr,2026-08-10,0,0
stufield/helpr,2026-08-11,0,0
stufield/helpr,2026-08-12,0,0
stufield/helpr,2026-08-13,0,0
stufield/helpr,2026-08-14,0,0
stufield/helpr,2026-08-15,0,0
stufield/helpr,2026-08-16,0,0
stufield/helpr,2026-08-17,1,1
stufield/helpr,2026-08-18,6,2
stufield/helpr,2026-08-19,0,0
stufield/helpr,2026-08-20,0,0
stufield/helpr,2026-08-21,0,0
stufield/helpr,2026-08-22,0,0
stufield/helpr,2026-08-23,0,0
stufield/helpr,2026-08-24,0,0
stufield/helpr,2026-08-25,0,0
stufield/helpr,2026-08-26,0,0
stufield/helpr,2026-08-27,0,0
stufield/helpr,2026-08-28,0,0
stufield/helpr,2026-08-29,0,0
stufield/helpr,2026-08-30,0,0
stufield/helpr,2026-08-31,0,0
stufield/helpr,2026-09-01,0,0
stufield/helpr,2026-09-02,0,0
stufield/helpr,2026-09-03,0,0
stufield/helpr,2026-09-04,0,0
stufield/hex-images,2026-08-02,0,0
stufield/hex-images,2026-08-03,0,0
stufield/hex-images,2026-08-04,0,0
stufield/hex-images,2026-08-05,0,0
stufield/hex-images,2026-08-06,0,0
stufield/hex-images,2026-08-07,0,0
stufield/hex-images,2026-08-08,0,0
stufield/hex-images,2026-08-09,0,0
stufield/hex-images,2026-08-10,0,0
stufield/hex-images,2026-08-11,0,0
stufield/hex-images,2026-08-12,0,0
stufield/hex-images,2026-08-13,0,0
stufield/hex-images,2026-08-14,0,0
stufield/hex-images,2026-08-15,0,0
stufield/hex-images,2026-08-16,0,0
stufield/hex-images,2026-08-17,0,0
stufield/hex-images,2026-08-18,0,0
stufield/hex-images,2026-08-19,0,0
stufield/hex-images,2026-08-20,0,0
stufield/hex-images,2026-08-21,0,0
stufield/hex-images,2026-08-22,0,0
stufield/hex-images,2026-08-23,0,0
stufield/hex-images,2026-08-24,5,1
stufield/hex-images,2026-08-25,0,0
stufield/hex-images,2026-08-26,0,0
stufield/hex-images,2026-08-27,0,0
stufield/hex-images,2026-08-28,0,0
stufield/hex-images,2026-08-29,0,0
stufield/hex-images,2026-08-30,0,0
stufield/hex-images,2026-08-31,0,0
stufield/hex-images,2026-09-01,0,0
stufield/hex-images,2026-09-02,0,0
stufield/hex-images,2026-09-03,0,0
stufield/hex-images,2026-09-04,0,0
stufield/hex-stickers,2026-08-04,0,0
stufield/hex-stickers,2026-08-05,0,0
stufield/hex-stickers,2026-08-06,0,0
stufield/hex-stickers,2026-08-07,0,0
stufield/hex-stickers,2026-08-08,0,0
stufield/hex-stickers,2026-08-09,0,0
stufield/hex-stickers,2026-08-10,0,0
stufield/hex-stickers,2026-08-11,0,0
stufield/hex-stickers,2026-08-12,0,0
stufield/hex-stickers,2026-08-13,0,0
stufield/hex-stickers,2026-08-14,0,0
stufield/hex-stickers,2026-08-15,0,0
stufield/hex-stickers,2026-08-16,0,0
stufield/hex-stickers,2026-08-17,0,0
stufield/hex-stickers,2026-08-18,0,0
stufield/hex-stickers,2026-08-19,0,0
stufield/hex-stickers,2026-08-20,0,0
stufield/hex-stickers,2026-08-21,0,0
stufield/hex-stickers,2026-08-22,0,0
stufield/hex-stickers,2026-08-23,0,0
stufield/hex-stickers,2026-08-24,0,0
stufield/hex-stickers,2026-08-25,0,0
stufield/hex-stickers,2026-08-26,0,0
stufield/hex-stickers,2026-08-27,0,0
stufield/hex-stickers,2026-08-28,0,0
stufield/hex-stickers,2026-08-29,0,0
stufield/hex-stickers,2026-08-30,0,0
stufield/hex-stickers,2026-08-31,0,0
stufield/hex-stickers,2026-09-01,0,0
stufield/hex-stickers,2026-09-02,0,0
stufield/hex-stickers,2026-09-03,0,0
stufield/hex-stickers,2026-09-04,0,0
stufield/illumina-senior-bioinformatics,2026-08-05,0,0
stufield/illumina-senior-bioinformatics,2026-08-06,0,0
stufield/illumina-senior-bioinformatics,2026-08-07,0,0
stufield/illumina-senior-bioinformatics,2026-08-08,0,0
stufield/illumina-senior-bioinformatics,2026-08-09,0,0
stufield/illumina-senior-bioinformatics,2026-08-10,0,0
stufield/illumina-senior-bioinformatics,2026-08-11,0,0
stufield/illumina-senior-bioinformatics,2026-08-12,0,0
stufield/illumina-senior-bioinformatics,2026-08-13,0,0
stufield/illumina-senior-bioinformatics,2026-08-14,0,0
stufield/illumina-senior-bioinformatics,2026-08-15,0,0
stufield/illumina-senior-bioinformatics,2026-08-16,0,0
stufield/illumina-senior-bioinformatics,2026-08-17,0,0
stufield/illumina-senior-bioinformatics,2026-08-18,0,0
stufield/illumina-senior-bioinformatics,2026-08-19,0,0
stufield/illumina-senior-bioinformatics,2026-08-20,0,0
stufield/illumina-senior-bioinformatics,2026-08-21,0,0
stufield/illumina-senior-bioinformatics,2026-08-22,0,0
stufield/illumina-senior-bioinformatics,2026-08-23,0,0
stufield/illumina-senior-bioinformatics,2026-08-24,0,0
stufield/illumina-senior-bioinformatics,2026-08-25,0,0
stufield/illumina-senior-bioinformatics,2026-08-26,0,0
stufield/illumina-senior-bioinformatics,2026-08-27,0,0
stufield/illumina-senior-bioinformatics,2026-08-28,0,0
stufield/illumina-senior-bioinformatics,2026-08-29,0,0
stufield/illumina-senior-bioinformatics,2026-08-30,0,0
stufield/illumina-senior-bioinformatics,2026-08-31,0,0
stufield/illumina-senior-bioinformatics,2026-09-01,0,0
stufield/illumina-senior-bioinformatics,2026-09-02,0,0
stufield/illumina-senior-bioinformatics,2026-09-03,0,0
stufield/illumina-senior-bioinformatics,2026-09-04,0,0
stufield/illumina-senior-bioinformatics,2026-09-05,0,0
stufield/libml,2026-08-04,0,0
stufield/libml,2026-08-05,0,0
stufield/libml,2026-08-06,0,0
stufield/libml,2026-08-07,0,0
stufield/libml,2026-08-08,0,0
stufield/libml,2026-08-09,0,0
stufield/libml,2026-08-10,0,0
stufield/libml,2026-08-11,0,0
stufield/libml,2026-08-12,0,0
stufield/libml,2026-08-13,0,0
stufield/libml,2026-08-14,0,0
stufield/libml,2026-08-15,0,0
stufield/libml,2026-08-16,0,0
stufield/libml,2026-08-17,0,0
stufield/libml,2026-08-18,0,0
stufield/libml,2026-08-19,0,0
stufield/libml,2026-08-20,0,0
stufield/libml,2026-08-21,0,0
stufield/libml,2026-08-22,0,0
stufield/libml,2026-08-23,0,0
stufield/libml,2026-08-24,0,0
stufield/libml,2026-08-25,0,0
stufield/libml,2026-08-26,0,0
stufield/libml,2026-08-27,0,0
stufield/libml,2026-08-28,0,0
stufield/libml,2026-08-29,0,0
stufield/libml,2026-08-30,0,0
stufield/libml,2026-08-31,23,1
stufield/libml,2026-09-01,0,0
stufield/libml,2026-09-02,0,0
stufield/libml,2026-09-03,0,0
stufield/libml,2026-09-04,0,0
stufield/megaverse,2026-08-05,0,0
stufield/megaverse,2026-08-06,0,0
stufield/megaverse,2026-08-07,0,0
stufield/megaverse,2026-08-08,0,0
stufield/megaverse,2026-08-09,0,0
stufield/megaverse,2026-08-10,0,0
stufield/megaverse,2026-08-11,0,0
stufield/megaverse,2026-08-12,0,0
stufield/megaverse,2026-08-13,0,0
stufield/megaverse,2026-08-14,0,0
stufield/megaverse,2026-08-15,0,0
stufield/megaverse,2026-08-16,0,0
stufield/megaverse,2026-08-17,0,0
stufield/megaverse,2026-08-18,0,0
stufield/megaverse,2026-08-19,0,0
stufield/megaverse,2026-08-20,0,0
stufield/megaverse,2026-08-21,0,0
stufield/megaverse,2026-08-22,0,0
stufield/megaverse,2026-08-23,0,0
stufield/megaverse,2026-08-24,0,0
stufield/megaverse,2026-08-25,0,0
stufield/megaverse,2026-08-26,0,0
stufield/megaverse,2026-08-27,0,0
stufield/megaverse,2026-08-28,0,0
stufield/megaverse,2026-08-29,0,0
stufield/megaverse,2026-08-30,0,0
stufield/megaverse,2026-08-31,0,0
stufield/megaverse,2026-09-01,0,0
stufield/megaverse,2026-09-02,0,0
stufield/megaverse,2026-09-03,0,0
stufield/megaverse,2026-09-04,0,0
stufield/megaverse,2026-09-05,0,0
stufield/mehan-scripts,2026-08-01,0,0
stufield/mehan-scripts,2026-08-02,0,0
stufield/mehan-scripts,2026-08-03,0,0
stufield/mehan-scripts,2026-08-04,0,0
stufield/mehan-scripts,2026-08-05,0,0
stufield/mehan-scripts,2026-08-06,0,0
stufield/mehan-scripts,2026-08-07,0,0
stufield/mehan-scripts,2026-08-08,0,0
stufield/mehan-scripts,2026-08-09,0,0
stufield/mehan-scripts,2026-08-10,0,0
stufield/mehan-scripts,2026-08-11,0,0
stufield/mehan-scripts,2026-08-12,0,0
stufield/mehan-scripts,2026-08-13,0,0
stufield/mehan-scripts,2026-08-14,0,0
stufield/mehan-scripts,2026-08-15,0,0
stufield/mehan-scripts,2026-08-16,0,0
stufield/mehan-scripts,2026-08-17,0,0
stufield/mehan-scripts,2026-08-18,0,0
stufield/mehan-scripts,2026-08-19,0,0
stufield/mehan-scripts,2026-08-20,0,0
stufield/mehan-scripts,2026-08-21,0,0
stufield/mehan-scripts,2026-08-22,0,0
stufield/mehan-scripts,2026-08-23,0,0
stufield/mehan-scripts,2026-08-24,0,0
stufield/mehan-scripts,2026-08-25,0,0
stufield/mehan-scripts,2026-08-26,0,0
stufield/mehan-scripts,2026-08-27,0,0
stufield/mehan-scripts,2026-08-28,0,0
stufield/mehan-scripts,2026-08-29,0,0
stufield/mehan-scripts,2026-08-30,0,0
stufield/mehan-scripts,2026-08-31,0,0
stufield/mehan-scripts,2026-09-01,0,0
stufield/mehan-scripts,2026-09-02,0,0
stufield/mehan-scripts,2026-09-03,0,0
stufield/mehan-scripts,2026-09-04,0,0
stufield/methyl-seq-analysis,2026-08-01,0,0
stufield/methyl-seq-analysis,2026-08-02,0,0
stufield/methyl-seq-analysis,2026-08-03,0,0
stufield/methyl-seq-analysis,2026-08-04,0,0
stufield/methyl-seq-analysis,2026-08-05,0,0
stufield/methyl-seq-analysis,2026-08-06,0,0
stufield/methyl-seq-analysis,2026-08-07,0,0
stufield/methyl-seq-analysis,2026-08-08,0,0
stufield/methyl-seq-analysis,2026-08-09,0,0
stufield/methyl-seq-analysis,2026-08-10,0,0
stufield/methyl-seq-analysis,2026-08-11,0,0
stufield/methyl-seq-analysis,2026-08-12,0,0
stufield/methyl-seq-analysis,2026-08-13,0,0
stufield/methyl-seq-analysis,2026-08-14,0,0
stufield/methyl-seq-analysis,2026-08-15,0,0
stufield/methyl-seq-analysis,2026-08-16,0,0
stufield/methyl-seq-analysis,2026-08-17,0,0
stufield/methyl-seq-analysis,2026-08-18,0,0
stufield/methyl-seq-analysis,2026-08-19,0,0
stufield/methyl-seq-analysis,2026-08-20,0,0
stufield/methyl-seq-analysis,2026-08-21,0,0
stufield/methyl-seq-analysis,2026-08-22,0,0
stufield/methyl-seq-analysis,2026-08-23,0,0
stufield/methyl-seq-analysis,2026-08-24,0,0
stufield/methyl-seq-analysis,2026-08-25,0,0
stufield/methyl-seq-analysis,2026-08-26,0,0
stufield/methyl-seq-analysis,2026-08-27,0,0
stufield/methyl-seq-analysis,2026-08-28,0,0
stufield/methyl-seq-analysis,2026-08-29,0,0
stufield/methyl-seq-analysis,2026-08-30,0,0
stufield/methyl-seq-analysis,2026-08-31,0,0
stufield/methyl-seq-analysis,2026-09-01,0,0
stufield/methyl-seq-analysis,2026-09-02,0,0
stufield/methyl-seq-analysis,2026-09-03,0,0
stufield/methyl-seq-analysis,2026-09-04,0,0
stufield/mixr,2026-08-05,0,0
stufield/mixr,2026-08-06,0,0
stufield/mixr,2026-08-07,0,0
stufield/mixr,2026-08-08,0,0
stufield/mixr,2026-08-09,0,0
stufield/mixr,2026-08-10,0,0
stufield/mixr,2026-08-11,0,0
stufield/mixr,2026-08-12,0,0
stufield/mixr,2026-08-13,0,0
stufield/mixr,2026-08-14,0,0
stufield/mixr,2026-08-15,0,0
stufield/mixr,2026-08-16,0,0
stufield/mixr,2026-08-17,0,0
stufield/mixr,2026-08-18,0,0
stufield/mixr,2026-08-19,3,1
stufield/mixr,2026-08-20,0,0
stufield/mixr,2026-08-21,0,0
stufield/mixr,2026-08-22,0,0
stufield/mixr,2026-08-23,0,0
stufield/mixr,2026-08-24,0,0
stufield/mixr,2026-08-25,0,0
stufield/mixr,2026-08-26,0,0
stufield/mixr,2026-08-27,0,0
stufield/mixr,2026-08-28,0,0
stufield/mixr,2026-08-29,0,0
stufield/mixr,2026-08-30,0,0
stufield/mixr,2026-08-31,0,0
stufield/mixr,2026-09-01,0,0
stufield/mixr,2026-09-02,0,0
stufield/mixr,2026-09-03,0,0
stufield/mixr,2026-09-04,0,0
stufield/monty-hall-paradox,2026-07-31,1,1
stufield/monty-hall-paradox,2026-08-01,0,0
stufield/monty-hall-paradox,2026-08-02,0,0
stufield/monty-hall-paradox,2026-08-03,0,0
stufield/monty-hall-paradox,2026-08-04,0,0
stufield/monty-hall-paradox,2026-08-05,0,0
stufield/monty-hall-paradox,2026-08-06,0,0
stufield/monty-hall-paradox,2026-08-07,0,0
stufield/monty-hall-paradox,2026-08-08,0,0
stufield/monty-hall-paradox,2026-08-09,0,0
stufield/monty-hall-paradox,2026-08-10,0,0
stufield/monty-hall-paradox,2026-08-11,0,0
stufield/monty-hall-paradox,2026-08-12,0,0
stufield/monty-hall-paradox,2026-08-13,0,0
stufield/monty-hall-paradox,2026-08-14,0,0
stufield/monty-hall-paradox,2026-08-15,0,0
stufield/monty-hall-paradox,2026-08-16,0,0
stufield/monty-hall-paradox,2026-08-17,0,0
stufield/monty-hall-paradox,2026-08-18,0,0
stufield/monty-hall-paradox,2026-08-19,0,0
stufield/monty-hall-paradox,2026-08-20,0,0
stufield/monty-hall-paradox,2026-08-21,0,0
stufield/monty-hall-paradox,2026-08-22,0,0
stufield/monty-hall-paradox,2026-08-23,0,0
stufield/monty-hall-paradox,2026-08-24,0,0
stufield/monty-hall-paradox,2026-08-25,0,0
stufield/monty-hall-paradox,2026-08-26,0,0
stufield/monty-hall-paradox,2026-08-27,0,0
stufield/monty-hall-paradox,2026-08-28,0,0
stufield/monty-hall-paradox,2026-08-29,0,0
stufield/monty-hall-paradox,2026-08-30,0,0
stufield/monty-hall-paradox,2026-08-31,0,0
stufield/monty-hall-paradox,2026-09-01,0,0
stufield/mosquitoSNP,2026-08-04,0,0
stufield/mosquitoSNP,2026-08-05,0,0
stufield/mosquitoSNP,2026-08-06,0,0
stufield/mosquitoSNP,2026-08-07,0,0
stufield/mosquitoSNP,2026-08-08,0,0
stufield/mosquitoSNP,2026-08-09,0,0
stufield/mosquitoSNP,2026-08-10,0,0
stufield/mosquitoSNP,2026-08-11,0,0
stufield/mosquitoSNP,2026-08-12,0,0
stufield/mosquitoSNP,2026-08-13,0,0
stufield/mosquitoSNP,2026-08-14,0,0
stufield/mosquitoSNP,2026-08-15,0,0
stufield/mosquitoSNP,2026-08-16,0,0
stufield/mosquitoSNP,2026-08-17,0,0
stufield/mosquitoSNP,2026-08-18,0,0
stufield/mosquitoSNP,2026-08-19,0,0
stufield/mosquitoSNP,2026-08-20,0,0
stufield/mosquitoSNP,2026-08-21,0,0
stufield/mosquitoSNP,2026-08-22,0,0
stufield/mosquitoSNP,2026-08-23,0,0
stufield/mosquitoSNP,2026-08-24,0,0
stufield/mosquitoSNP,2026-08-25,0,0
stufield/mosquitoSNP,2026-08-26,0,0
stufield/mosquitoSNP,2026-08-27,0,0
stufield/mosquitoSNP,2026-08-28,0,0
stufield/mosquitoSNP,2026-08-29,0,0
stufield/mosquitoSNP,2026-08-30,0,0
stufield/mosquitoSNP,2026-08-31,0,0
stufield/mosquitoSNP,2026-09-01,0,0
stufield/ms-art-projection,2026-07-25,0,0
stufield/ms-art-projection,2026-07-26,0,0
stufield/ms-art-projection,2026-07-27,0,0
stufield/ms-art-projection,2026-07-28,0,0
stufield/ms-art-projection,2026-07-29,0,0
stufield/ms-art-projection,2026-07-30,0,0
stufield/ms-art-projection,2026-07-31,0,0
stufield/ms-art-projection,2026-08-01,0,0
stufield/ms-art-projection,2026-08-02,0,0
stufield/ms-art-projection,2026-08-03,0,0
stufield/ms-art-projection,2026-08-04,0,0
stufield/ms-art-projection,2026-08-05,0,0
stufield/ms-art-projection,2026-08-06,0,0
stufield/ms-art-projection,2026-08-07,0,0
stufield/ms-art-projection,2026-08-08,0,0
stufield/ms-art-projection,2026-08-09,0,0
stufield/ms-art-projection,2026-08-10,0,0
stufield/ms-art-projection,2026-08-11,0,0
stufield/ms-art-projection,2026-08-12,0,0
stufield/ms-art-projection,2026-08-13,0,0
stufield/ms-art-projection,2026-08-14,0,0
stufield/ms-art-projection,2026-08-15,0,0
stufield/ms-art-projection,2026-08-16,0,0
stufield/ms-art-projection,2026-08-17,0,0
stufield/ms-art-projection,2026-08-18,0,0
stufield/ms-art-projection,2026-08-19,0,0
stufield/ms-art-projection,2026-08-20,0,0
stufield/ms-art-projection,2026-08-21,0,0
stufield/ms-art-projection,2026-08-22,0,0
stufield/ms-art-projection,2026-08-23,0,0
stufield/ms-art-projection,2026-08-24,0,0
stufield/ms-art-projection,2026-08-25,0,0
stufield/ms-art-projection,2026-08-26,0,0
stufield/ms-art-projection,2026-08-27,0,0
stufield/ms-art-projection,2026-08-28,0,0
stufield/ms-art-projection,2026-08-29,0,0
stufield/ms-art-projection,2026-08-30,0,0
stufield/ms-art-projection,2026-08-31,0,0
stufield/ms-art-projection,2026-09-01,0,0
stufield/ny-mets,2026-08-05,0,0
stufield/ny-mets,2026-08-06,0,0
stufield/ny-mets,2026-08-07,0,0
stufield/ny-mets,2026-08-08,0,0
stufield/ny-mets,2026-08-09,0,0
stufield/ny-mets,2026-08-10,0,0
stufield/ny-mets,2026-08-11,0,0
stufield/ny-mets,2026-08-12,0,0
stufield/ny-mets,2026-08-13,0,0
stufield/ny-mets,2026-08-14,0,0
stufield/ny-mets,2026-08-15,0,0
stufield/ny-mets,2026-08-16,0,0
stufield/ny-mets,2026-08-17,0,0
stufield/ny-mets,2026-08-18,0,0
stufield/ny-mets,2026-08-19,0,0
stufield/ny-mets,2026-08-20,0,0
stufield/ny-mets,2026-08-21,0,0
stufield/ny-mets,2026-08-22,0,0
stufield/ny-mets,2026-08-23,0,0
stufield/ny-mets,2026-08-24,0,0
stufield/ny-mets,2026-08-25,0,0
stufield/ny-mets,2026-08-26,0,0
stufield/ny-mets,2026-08-27,0,0
stufield/ny-mets,2026-08-28,0,0
stufield/ny-mets,2026-08-29,0,0
stufield/ny-mets,2026-08-30,0,0
stufield/ny-mets,2026-08-31,0,0
stufield/ny-mets,2026-09-01,0,0
stufield/ny-mets,2026-09-02,0,0
stufield/ny-mets,2026-09-03,0,0
stufield/ny-mets,2026-09-04,0,0
stufield/ny-mets,2026-09-05,0,0
stufield/packages-report,2026-08-04,0,0
stufield/packages-report,2026-08-05,0,0
stufield/packages-report,2026-08-06,0,0
stufield/packages-report,2026-08-07,0,0
stufield/packages-report,2026-08-08,0,0
stufield/packages-report,2026-08-09,0,0
stufield/packages-report,2026-08-10,0,0
stufield/packages-report,2026-08-11,0,0
stufield/packages-report,2026-08-12,0,0
stufield/packages-report,2026-08-13,0,0
stufield/packages-report,2026-08-14,0,0
stufield/packages-report,2026-08-15,0,0
stufield/packages-report,2026-08-16,0,0
stufield/packages-report,2026-08-17,0,0
stufield/packages-report,2026-08-18,0,0
stufield/packages-report,2026-08-19,0,0
stufield/packages-report,2026-08-20,0,0
stufield/packages-report,2026-08-21,0,0
stufield/packages-report,2026-08-22,0,0
stufield/packages-report,2026-08-23,0,0
stufield/packages-report,2026-08-24,0,0
stufield/packages-report,2026-08-25,0,0
stufield/packages-report,2026-08-26,0,0
stufield/packages-report,2026-08-27,0,0
stufield/packages-report,2026-08-28,0,0
stufield/packages-report,2026-08-29,0,0
stufield/packages-report,2026-08-30,0,0
stufield/packages-report,2026-08-31,0,0
stufield/packages-report,2026-09-01,0,0
stufield/packages-report,2026-09-02,0,0
stufield/packages-report,2026-09-03,0,0
stufield/packages-report,2026-09-04,0,0
stufield/pcapkg,2026-08-04,0,0
stufield/pcapkg,2026-08-05,0,0
stufield/pcapkg,2026-08-06,0,0
stufield/pcapkg,2026-08-07,0,0
stufield/pcapkg,2026-08-08,0,0
stufield/pcapkg,2026-08-09,0,0
stufield/pcapkg,2026-08-10,0,0
stufield/pcapkg,2026-08-11,0,0
stufield/pcapkg,2026-08-12,0,0
stufield/pcapkg,2026-08-13,0,0
stufield/pcapkg,2026-08-14,0,0
stufield/pcapkg,2026-08-15,0,0
stufield/pcapkg,2026-08-16,0,0
stufield/pcapkg,2026-08-17,0,0
stufield/pcapkg,2026-08-18,1,1
stufield/pcapkg,2026-08-19,0,0
stufield/pcapkg,2026-08-20,0,0
stufield/pcapkg,2026-08-21,0,0
stufield/pcapkg,2026-08-22,0,0
stufield/pcapkg,2026-08-23,0,0
stufield/pcapkg,2026-08-24,0,0
stufield/pcapkg,2026-08-25,0,0
stufield/pcapkg,2026-08-26,0,0
stufield/pcapkg,2026-08-27,0,0
stufield/pcapkg,2026-08-28,0,0
stufield/pcapkg,2026-08-29,0,0
stufield/pcapkg,2026-08-30,0,0
stufield/pcapkg,2026-08-31,0,0
stufield/pcapkg,2026-09-01,0,0
stufield/pcapkg,2026-09-02,0,0
stufield/pcapkg,2026-09-03,0,0
stufield/pcapkg,2026-09-04,0,0
stufield/plumber-api-example,2026-08-05,0,0
stufield/plumber-api-example,2026-08-06,0,0
stufield/plumber-api-example,2026-08-07,0,0
stufield/plumber-api-example,2026-08-08,0,0
stufield/plumber-api-example,2026-08-09,0,0
stufield/plumber-api-example,2026-08-10,0,0
stufield/plumber-api-example,2026-08-11,0,0
stufield/plumber-api-example,2026-08-12,0,0
stufield/plumber-api-example,2026-08-13,0,0
stufield/plumber-api-example,2026-08-14,0,0
stufield/plumber-api-example,2026-08-15,0,0
stufield/plumber-api-example,2026-08-16,0,0
stufield/plumber-api-example,2026-08-17,0,0
stufield/plumber-api-example,2026-08-18,0,0
stufield/plumber-api-example,2026-08-19,0,0
stufield/plumber-api-example,2026-08-20,0,0
stufield/plumber-api-example,2026-08-21,0,0
stufield/plumber-api-example,2026-08-22,0,0
stufield/plumber-api-example,2026-08-23,0,0
stufield/plumber-api-example,2026-08-24,0,0
stufield/plumber-api-example,2026-08-25,0,0
stufield/plumber-api-example,2026-08-26,0,0
stufield/plumber-api-example,2026-08-27,0,0
stufield/plumber-api-example,2026-08-28,0,0
stufield/plumber-api-example,2026-08-29,0,0
stufield/plumber-api-example,2026-08-30,0,0
stufield/plumber-api-example,2026-08-31,0,0
stufield/plumber-api-example,2026-09-01,0,0
stufield/plumber-api-example,2026-09-02,0,0
stufield/plumber-api-example,2026-09-03,0,0
stufield/plumber-api-example,2026-09-04,0,0
stufield/plumber-api-example,2026-09-05,0,0
stufield/power,2026-08-04,0,0
stufield/power,2026-08-05,0,0
stufield/power,2026-08-06,0,0
stufield/power,2026-08-07,0,0
stufield/power,2026-08-08,1,1
stufield/power,2026-08-09,0,0
stufield/power,2026-08-10,1,1
stufield/power,2026-08-11,0,0
stufield/power,2026-08-12,0,0
stufield/power,2026-08-13,0,0
stufield/power,2026-08-14,0,0
stufield/power,2026-08-15,0,0
stufield/power,2026-08-16,0,0
stufield/power,2026-08-17,0,0
stufield/power,2026-08-18,0,0
stufield/power,2026-08-19,0,0
stufield/power,2026-08-20,0,0
stufield/power,2026-08-21,0,0
stufield/power,2026-08-22,0,0
stufield/power,2026-08-23,0,0
stufield/power,2026-08-24,0,0
stufield/power,2026-08-25,0,0
stufield/power,2026-08-26,1,1
stufield/power,2026-08-27,0,0
stufield/power,2026-08-28,0,0
stufield/power,2026-08-29,0,0
stufield/power,2026-08-30,0,0
stufield/power,2026-08-31,0,0
stufield/power,2026-09-01,0,0
stufield/power,2026-09-02,0,0
stufield/power,2026-09-03,0,0
stufield/power,2026-09-04,0,0
stufield/profile-views,2026-08-05,0,0
stufield/profile-views,2026-08-06,0,0
stufield/profile-views,2026-08-07,0,0
stufield/profile-views,2026-08-08,0,0
stufield/profile-views,2026-08-09,0,0
stufield/profile-views,2026-08-10,0,0
stufield/profile-views,2026-08-11,0,0
stufield/profile-views,2026-08-12,0,0
stufield/profile-views,2026-08-13,0,0
stufield/profile-views,2026-08-14,0,0
stufield/profile-views,2026-08-15,0,0
stufield/profile-views,2026-08-16,0,0
stufield/profile-views,2026-08-17,0,0
stufield/profile-views,2026-08-18,0,0
stufield/property-mgmt,2026-08-04,0,0
stufield/property-mgmt,2026-08-05,0,0
stufield/property-mgmt,2026-08-06,0,0
stufield/property-mgmt,2026-08-07,0,0
stufield/property-mgmt,2026-08-08,0,0
stufield/property-mgmt,2026-08-09,0,0
stufield/property-mgmt,2026-08-10,0,0
stufield/property-mgmt,2026-08-11,0,0
stufield/property-mgmt,2026-08-12,0,0
stufield/property-mgmt,2026-08-13,0,0
stufield/property-mgmt,2026-08-14,0,0
stufield/property-mgmt,2026-08-15,0,0
stufield/property-mgmt,2026-08-16,0,0
stufield/property-mgmt,2026-08-17,0,0
stufield/property-mgmt,2026-08-18,0,0
stufield/property-mgmt,2026-08-19,0,0
stufield/property-mgmt,2026-08-20,0,0
stufield/property-mgmt,2026-08-21,0,0
stufield/property-mgmt,2026-08-22,0,0
stufield/property-mgmt,2026-08-23,0,0
stufield/property-mgmt,2026-08-24,0,0
stufield/property-mgmt,2026-08-25,0,0
stufield/property-mgmt,2026-08-26,0,0
stufield/property-mgmt,2026-08-27,0,0
stufield/property-mgmt,2026-08-28,0,0
stufield/property-mgmt,2026-08-29,0,0
stufield/property-mgmt,2026-08-30,0,0
stufield/property-mgmt,2026-08-31,0,0
stufield/property-mgmt,2026-09-01,0,0
stufield/property-mgmt,2026-09-02,0,0
stufield/property-mgmt,2026-09-03,0,0
stufield/property-mgmt,2026-09-04,0,0
stufield/recipes,2026-07-21,0,0
stufield/recipes,2026-07-22,0,0
stufield/recipes,2026-07-23,0,0
stufield/recipes,2026-07-24,0,0
stufield/recipes,2026-07-25,0,0
stufield/recipes,2026-07-26,0,0
stufield/recipes,2026-07-27,0,0
stufield/recipes,2026-07-28,0,0
stufield/recipes,2026-07-29,0,0
stufield/recipes,2026-07-30,0,0
stufield/recipes,2026-07-31,0,0
stufield/recipes,2026-08-01,0,0
stufield/recipes,2026-08-02,0,0
stufield/recipes,2026-08-03,0,0
stufield/recipes,2026-08-06,0,0
stufield/recipes,2026-08-07,0,0
stufield/recipes,2026-08-08,0,0
stufield/recipes,2026-08-09,0,0
stufield/recipes,2026-08-10,0,0
stufield/recipes,2026-08-11,0,0
stufield/recipes,2026-08-12,0,0
stufield/recipes,2026-08-13,0,0
stufield/recipes,2026-08-14,0,0
stufield/recipes,2026-08-15,0,0
stufield/recipes,2026-08-16,0,0
stufield/recipes,2026-08-17,0,0
stufield/recipes,2026-08-18,0,0
stufield/recipes,2026-08-19,0,0
stufield/recipes,2026-08-20,0,0
stufield/recipes,2026-08-21,0,0
stufield/recipes,2026-08-22,0,0
stufield/recipes,2026-08-23,0,0
stufield/recipes,2026-08-24,0,0
stufield/recipes,2026-08-25,0,0
stufield/recipes,2026-08-26,0,0
stufield/recipes,2026-08-27,0,0
stufield/recipes,2026-08-28,0,0
stufield/recipes,2026-08-29,0,0
stufield/recipes,2026-08-30,0,0
stufield/recipes,2026-08-31,0,0
stufield/recipes,2026-09-01,0,0
stufield/recipes,2026-09-02,0,0
stufield/recipes,2026-09-03,0,0
stufield/recipes,2026-09-04,0,0
stufield/red-sox,2026-08-05,0,0
stufield/red-sox,2026-08-06,0,0
stufield/red-sox,2026-08-07,0,0
stufield/red-sox,2026-08-08,0,0
stufield/red-sox,2026-08-09,0,0
stufield/red-sox,2026-08-10,0,0
stufield/red-sox,2026-08-11,0,0
stufield/red-sox,2026-08-12,0,0
stufield/red-sox,2026-08-13,0,0
stufield/red-sox,2026-08-14,0,0
stufield/red-sox,2026-08-15,0,0
stufield/red-sox,2026-08-16,0,0
stufield/red-sox,2026-08-17,0,0
stufield/red-sox,2026-08-18,0,0
stufield/red-sox,2026-08-19,0,0
stufield/red-sox,2026-08-20,0,0
stufield/red-sox,2026-08-21,0,0
stufield/red-sox,2026-08-22,0,0
stufield/red-sox,2026-08-23,0,0
stufield/red-sox,2026-08-24,0,0
stufield/red-sox,2026-08-25,0,0
stufield/red-sox,2026-08-26,0,0
stufield/red-sox,2026-08-27,0,0
stufield/red-sox,2026-08-28,0,0
stufield/red-sox,2026-08-29,0,0
stufield/red-sox,2026-08-30,0,0
stufield/red-sox,2026-08-31,0,0
stufield/red-sox,2026-09-01,0,0
stufield/red-sox,2026-09-02,0,0
stufield/red-sox,2026-09-03,0,0
stufield/red-sox,2026-09-04,0,0
stufield/red-sox,2026-09-05,0,0
stufield/repo-views,2026-08-05,0,0
stufield/repo-views,2026-08-06,0,0
stufield/repo-views,2026-08-07,0,0
stufield/repo-views,2026-08-08,0,0
stufield/repo-views,2026-08-09,0,0
stufield/repo-views,2026-08-10,0,0
stufield/repo-views,2026-08-11,0,0
stufield/repo-views,2026-08-12,0,0
stufield/repo-views,2026-08-13,0,0
stufield/repo-views,2026-08-14,0,0
stufield/repo-views,2026-08-15,0,0
stufield/repo-views,2026-08-16,0,0
stufield/repo-views,2026-08-17,0,0
stufield/repo-views,2026-08-18,136,1
stufield/repo-views,2026-08-19,0,0
stufield/repo-views,2026-08-20,0,0
stufield/repo-views,2026-08-21,0,0
stufield/repo-views,2026-08-22,0,0
stufield/repo-views,2026-08-23,0,0
stufield/repo-views,2026-08-24,0,0
stufield/repo-views,2026-08-25,0,0
stufield/repo-views,2026-08-26,0,0
stufield/repo-views,2026-08-27,0,0
stufield/repo-views,2026-08-28,0,0
stufield/repo-views,2026-08-29,0,0
stufield/repo-views,2026-08-30,0,0
stufield/repo-views,2026-08-31,0,0
stufield/repo-views,2026-09-01,0,0
stufield/repo-views,2026-09-02,0,0
stufield/repo-views,2026-09-03,0,0
stufield/repo-views,2026-09-04,0,0
stufield/reprex-collection,2026-08-04,0,0
stufield/reprex-collection,2026-08-05,0,0
stufield/reprex-collection,2026-08-06,0,0
stufield/reprex-collection,2026-08-07,0,0
stufield/reprex-collection,2026-08-08,0,0
stufield/reprex-collection,2026-08-09,0,0
stufield/reprex-collection,2026-08-10,0,0
stufield/reprex-collection,2026-08-11,0,0
stufield/reprex-collection,2026-08-12,0,0
stufield/reprex-collection,2026-08-13,0,0
stufield/reprex-collection,2026-08-14,0,0
stufield/reprex-collection,2026-08-15,0,0
stufield/reprex-collection,2026-08-16,0,0
stufield/reprex-collection,2026-08-17,0,0
stufield/reprex-collection,2026-08-18,0,0
stufield/reprex-collection,2026-08-19,0,0
stufield/reprex-collection,2026-08-20,0,0
stufield/reprex-collection,2026-08-21,0,0
stufield/reprex-collection,2026-08-22,0,0
stufield/reprex-collection,2026-08-23,0,0
stufield/reprex-collection,2026-08-24,0,0
stufield/reprex-collection,2026-08-25,0,0
stufield/reprex-collection,2026-08-26,0,0
stufield/reprex-collection,2026-08-27,0,0
stufield/reprex-collection,2026-08-28,0,0
stufield/reprex-collection,2026-08-29,0,0
stufield/reprex-collection,2026-08-30,0,0
stufield/reprex-collection,2026-08-31,0,0
stufield/reprex-collection,2026-09-01,0,0
stufield/reprex-collection,2026-09-02,0,0
stufield/reprex-collection,2026-09-03,0,0
stufield/reprex-collection,2026-09-04,0,0
stufield/rstudio-conf-2018,2026-08-04,0,0
stufield/rstudio-conf-2018,2026-08-05,0,0
stufield/rstudio-conf-2018,2026-08-06,0,0
stufield/rstudio-conf-2018,2026-08-07,0,0
stufield/rstudio-conf-2018,2026-08-08,0,0
stufield/rstudio-conf-2018,2026-08-09,0,0
stufield/rstudio-conf-2018,2026-08-10,0,0
stufield/rstudio-conf-2018,2026-08-11,0,0
stufield/rstudio-conf-2018,2026-08-12,0,0
stufield/rstudio-conf-2018,2026-08-13,0,0
stufield/rstudio-conf-2018,2026-08-14,0,0
stufield/rstudio-conf-2018,2026-08-15,0,0
stufield/rstudio-conf-2018,2026-08-16,0,0
stufield/rstudio-conf-2018,2026-08-17,0,0
stufield/rstudio-conf-2018,2026-08-18,0,0
stufield/rstudio-conf-2018,2026-08-19,0,0
stufield/rstudio-conf-2018,2026-08-20,0,0
stufield/rstudio-conf-2018,2026-08-21,0,0
stufield/rstudio-conf-2018,2026-08-22,0,0
stufield/rstudio-conf-2018,2026-08-23,0,0
stufield/rstudio-conf-2018,2026-08-24,0,0
stufield/rstudio-conf-2018,2026-08-25,0,0
stufield/rstudio-conf-2018,2026-08-26,0,0
stufield/rstudio-conf-2018,2026-08-27,0,0
stufield/rstudio-conf-2018,2026-08-28,0,0
stufield/rstudio-conf-2018,2026-08-29,0,0
stufield/rstudio-conf-2018,2026-08-30,0,0
stufield/rstudio-conf-2018,2026-08-31,0,0
stufield/rstudio-conf-2018,2026-09-01,0,0
stufield/rstudio-conf-2019,2026-08-04,0,0
stufield/rstudio-conf-2019,2026-08-05,0,0
stufield/rstudio-conf-2019,2026-08-06,0,0
stufield/rstudio-conf-2019,2026-08-07,0,0
stufield/rstudio-conf-2019,2026-08-08,0,0
stufield/rstudio-conf-2019,2026-08-09,0,0
stufield/rstudio-conf-2019,2026-08-10,0,0
stufield/rstudio-conf-2019,2026-08-11,0,0
stufield/rstudio-conf-2019,2026-08-12,0,0
stufield/rstudio-conf-2019,2026-08-13,0,0
stufield/rstudio-conf-2019,2026-08-14,0,0
stufield/rstudio-conf-2019,2026-08-15,0,0
stufield/rstudio-conf-2019,2026-08-16,0,0
stufield/rstudio-conf-2019,2026-08-17,0,0
stufield/rstudio-conf-2019,2026-08-18,0,0
stufield/rstudio-conf-2019,2026-08-19,0,0
stufield/rstudio-conf-2019,2026-08-20,0,0
stufield/rstudio-conf-2019,2026-08-21,0,0
stufield/rstudio-conf-2019,2026-08-22,0,0
stufield/rstudio-conf-2019,2026-08-23,0,0
stufield/rstudio-conf-2019,2026-08-24,0,0
stufield/rstudio-conf-2019,2026-08-25,0,0
stufield/rstudio-conf-2019,2026-08-26,0,0
stufield/rstudio-conf-2019,2026-08-27,0,0
stufield/rstudio-conf-2019,2026-08-28,0,0
stufield/rstudio-conf-2019,2026-08-29,0,0
stufield/rstudio-conf-2019,2026-08-30,0,0
stufield/rstudio-conf-2019,2026-08-31,0,0
stufield/rstudio-conf-2019,2026-09-01,0,0
stufield/rstudio-conf-2019,2026-09-02,0,0
stufield/rstudio-conf-2019,2026-09-03,0,0
stufield/rstudio-conf-2019,2026-09-04,0,0
stufield/sandbox,2026-08-05,0,0
stufield/sandbox,2026-08-06,0,0
stufield/sandbox,2026-08-07,0,0
stufield/sandbox,2026-08-08,0,0
stufield/sandbox,2026-08-09,0,0
stufield/sandbox,2026-08-10,0,0
stufield/sandbox,2026-08-11,0,0
stufield/sandbox,2026-08-12,0,0
stufield/sandbox,2026-08-13,0,0
stufield/sandbox,2026-08-14,0,0
stufield/sandbox,2026-08-15,0,0
stufield/sandbox,2026-08-16,0,0
stufield/sandbox,2026-08-17,0,0
stufield/sandbox,2026-08-18,0,0
stufield/sandbox,2026-08-19,0,0
stufield/sandbox,2026-08-20,0,0
stufield/sandbox,2026-08-21,0,0
stufield/sandbox,2026-08-22,0,0
stufield/sandbox,2026-08-23,0,0
stufield/sandbox,2026-08-24,0,0
stufield/sandbox,2026-08-25,0,0
stufield/sandbox,2026-08-26,0,0
stufield/sandbox,2026-08-27,0,0
stufield/sandbox,2026-08-28,0,0
stufield/sandbox,2026-08-29,0,0
stufield/sandbox,2026-08-30,0,0
stufield/sandbox,2026-08-31,0,0
stufield/sandbox,2026-09-01,0,0
stufield/sandbox,2026-09-02,0,0
stufield/sandbox,2026-09-03,0,0
stufield/sandbox,2026-09-04,0,0
stufield/sandbox,2026-09-05,0,0
stufield/slide-template,2026-08-04,0,0
stufield/slide-template,2026-08-05,0,0
stufield/slide-template,2026-08-06,0,0
stufield/slide-template,2026-08-07,0,0
stufield/slide-template,2026-08-08,0,0
stufield/slide-template,2026-08-09,0,0
stufield/slide-template,2026-08-10,0,0
stufield/slide-template,2026-08-11,0,0
stufield/slide-template,2026-08-12,0,0
stufield/slide-template,2026-08-13,0,0
stufield/slide-template,2026-08-14,0,0
stufield/slide-template,2026-08-15,0,0
stufield/slide-template,2026-08-16,0,0
stufield/slide-template,2026-08-17,0,0
stufield/slide-template,2026-08-18,0,0
stufield/slide-template,2026-08-19,0,0
stufield/slide-template,2026-08-20,0,0
stufield/slide-template,2026-08-21,0,0
stufield/slide-template,2026-08-22,0,0
stufield/slide-template,2026-08-23,0,0
stufield/slide-template,2026-08-24,0,0
stufield/slide-template,2026-08-25,0,0
stufield/slide-template,2026-08-26,0,0
stufield/slide-template,2026-08-27,0,0
stufield/slide-template,2026-08-28,0,0
stufield/slide-template,2026-08-29,0,0
stufield/slide-template,2026-08-30,0,0
stufield/slide-template,2026-08-31,0,0
stufield/slide-template,2026-09-01,0,0
stufield/slide-template,2026-09-02,0,0
stufield/slide-template,2026-09-03,0,0
stufield/slide-template,2026-09-04,0,0
stufield/soma-dump,2026-08-05,0,0
stufield/soma-dump,2026-08-06,0,0
stufield/soma-dump,2026-08-07,0,0
stufield/soma-dump,2026-08-08,0,0
stufield/soma-dump,2026-08-09,0,0
stufield/soma-dump,2026-08-10,0,0
stufield/soma-dump,2026-08-11,0,0
stufield/soma-dump,2026-08-12,0,0
stufield/soma-dump,2026-08-13,0,0
stufield/soma-dump,2026-08-14,0,0
stufield/soma-dump,2026-08-15,0,0
stufield/soma-dump,2026-08-16,0,0
stufield/soma-dump,2026-08-17,0,0
stufield/soma-dump,2026-08-18,0,0
stufield/soma-dump,2026-08-19,0,0
stufield/soma-dump,2026-08-20,0,0
stufield/soma-dump,2026-08-21,0,0
stufield/soma-dump,2026-08-22,0,0
stufield/soma-dump,2026-08-23,0,0
stufield/soma-dump,2026-08-24,0,0
stufield/soma-dump,2026-08-25,0,0
stufield/soma-dump,2026-08-26,0,0
stufield/soma-dump,2026-08-27,0,0
stufield/soma-dump,2026-08-28,0,0
stufield/soma-dump,2026-08-29,0,0
stufield/soma-dump,2026-08-30,0,0
stufield/soma-dump,2026-08-31,0,0
stufield/soma-dump,2026-09-01,0,0
stufield/soma-dump,2026-09-02,0,0
stufield/soma-dump,2026-09-03,0,0
stufield/soma-dump,2026-09-04,0,0
stufield/soma-dump,2026-09-05,0,0
stufield/SomaDataIO,2026-08-04,0,0
stufield/SomaDataIO,2026-08-05,2,2
stufield/SomaDataIO,2026-08-06,0,0
stufield/SomaDataIO,2026-08-07,0,0
stufield/SomaDataIO,2026-08-08,0,0
stufield/SomaDataIO,2026-08-09,0,0
stufield/SomaDataIO,2026-08-10,0,0
stufield/SomaDataIO,2026-08-11,0,0
stufield/SomaDataIO,2026-08-12,0,0
stufield/SomaDataIO,2026-08-13,0,0
stufield/SomaDataIO,2026-08-14,0,0
stufield/SomaDataIO,2026-08-15,0,0
stufield/SomaDataIO,2026-08-16,0,0
stufield/SomaDataIO,2026-08-17,0,0
stufield/SomaDataIO,2026-08-18,0,0
stufield/SomaDataIO,2026-08-19,0,0
stufield/SomaDataIO,2026-08-20,0,0
stufield/SomaDataIO,2026-08-21,8,8
stufield/SomaDataIO,2026-08-22,0,0
stufield/SomaDataIO,2026-08-23,0,0
stufield/SomaDataIO,2026-08-24,0,0
stufield/SomaDataIO,2026-08-25,0,0
stufield/SomaDataIO,2026-08-26,0,0
stufield/SomaDataIO,2026-08-27,0,0
stufield/SomaDataIO,2026-08-28,0,0
stufield/SomaDataIO,2026-08-29,0,0
stufield/SomaDataIO,2026-08-30,0,0
stufield/SomaDataIO,2026-08-31,0,0
stufield/SomaDataIO,2026-09-01,0,0
stufield/SomaDataIO,2026-09-02,0,0
stufield/SomaDataIO,2026-09-03,0,0
stufield/SomaDataIO,2026-09-04,0,0
stufield/SomaPlotr,2026-07-24,0,0
stufield/SomaPlotr,2026-07-25,0,0
stufield/SomaPlotr,2026-07-26,0,0
stufield/SomaPlotr,2026-07-27,0,0
stufield/SomaPlotr,2026-07-28,0,0
stufield/SomaPlotr,2026-07-29,0,0
stufield/SomaPlotr,2026-07-30,0,0
stufield/SomaPlotr,2026-07-31,0,0
stufield/SomaPlotr,2026-08-01,0,0
stufield/SomaPlotr,2026-08-02,0,0
stufield/SomaPlotr,2026-08-03,0,0
stufield/SomaPlotr,2026-08-04,0,0
stufield/SomaPlotr,2026-08-05,0,0
stufield/SomaPlotr,2026-08-06,0,0
stufield/SomaPlotr,2026-08-09,0,0
stufield/SomaPlotr,2026-08-10,0,0
stufield/SomaPlotr,2026-08-11,0,0
stufield/SomaPlotr,2026-08-12,0,0
stufield/SomaPlotr,2026-08-13,0,0
stufield/SomaPlotr,2026-08-14,0,0
stufield/SomaPlotr,2026-08-15,0,0
stufield/SomaPlotr,2026-08-16,0,0
stufield/SomaPlotr,2026-08-17,0,0
stufield/SomaPlotr,2026-08-18,0,0
stufield/SomaPlotr,2026-08-19,0,0
stufield/SomaPlotr,2026-08-20,0,0
stufield/SomaPlotr,2026-08-21,0,0
stufield/SomaPlotr,2026-08-22,0,0
stufield/SomaPlotr,2026-08-23,0,0
stufield/SomaPlotr,2026-08-24,0,0
stufield/SomaPlotr,2026-08-25,0,0
stufield/SomaPlotr,2026-08-26,0,0
stufield/SomaPlotr,2026-08-27,0,0
stufield/SomaPlotr,2026-08-28,0,0
stufield/SomaPlotr,2026-08-29,0,0
stufield/SomaPlotr,2026-08-30,0,0
stufield/SomaPlotr,2026-08-31,0,0
stufield/SomaPlotr,2026-09-01,0,0
stufield/SomaPlotr,2026-09-02,0,0
stufield/SomaPlotr,2026-09-03,0,0
stufield/SomaPlotr,2026-09-04,0,0
stufield/stabilityselectr,2026-08-04,0,0
stufield/stabilityselectr,2026-08-05,9,2
stufield/stabilityselectr,2026-08-06,7,1
stufield/stabilityselectr,2026-08-07,0,0
stufield/stabilityselectr,2026-08-08,0,0
stufield/stabilityselectr,2026-08-09,0,0
stufield/stabilityselectr,2026-08-10,0,0
stufield/stabilityselectr,2026-08-11,0,0
stufield/stabilityselectr,2026-08-12,0,0
stufield/stabilityselectr,2026-08-13,0,0
stufield/stabilityselectr,2026-08-14,0,0
stufield/stabilityselectr,2026-08-15,0,0
stufield/stabilityselectr,2026-08-16,0,0
stufield/stabilityselectr,2026-08-17,0,0
stufield/stabilityselectr,2026-08-18,1,1
stufield/stabilityselectr,2026-08-19,0,0
stufield/stabilityselectr,2026-08-20,1,1
stufield/stabilityselectr,2026-08-21,0,0
stufield/stabilityselectr,2026-08-22,0,0
stufield/stabilityselectr,2026-08-23,0,0
stufield/stabilityselectr,2026-08-24,0,0
stufield/stabilityselectr,2026-08-25,0,0
stufield/stabilityselectr,2026-08-26,0,0
stufield/stabilityselectr,2026-08-27,0,0
stufield/stabilityselectr,2026-08-28,0,0
stufield/stabilityselectr,2026-08-29,0,0
stufield/stabilityselectr,2026-08-30,0,0
stufield/stabilityselectr,2026-08-31,0,0
stufield/stabilityselectr,2026-09-01,1,1
stufield/stabilityselectr,2026-09-02,0,0
stufield/stabilityselectr,2026-09-03,0,0
stufield/stabilityselectr,2026-09-04,0,0
stufield/stu-field-lab-results,2026-08-01,0,0
stufield/stu-field-lab-results,2026-08-02,0,0
stufield/stu-field-lab-results,2026-08-03,0,0
stufield/stu-field-lab-results,2026-08-04,0,0
stufield/stu-field-lab-results,2026-08-05,0,0
stufield/stu-field-lab-results,2026-08-06,0,0
stufield/stu-field-lab-results,2026-08-07,0,0
stufield/stu-field-lab-results,2026-08-08,0,0
stufield/stu-field-lab-results,2026-08-09,0,0
stufield/stu-field-lab-results,2026-08-10,0,0
stufield/stu-field-lab-results,2026-08-11,0,0
stufield/stu-field-lab-results,2026-08-12,0,0
stufield/stu-field-lab-results,2026-08-13,0,0
stufield/stu-field-lab-results,2026-08-14,0,0
stufield/stu-field-lab-results,2026-08-17,0,0
stufield/stu-field-lab-results,2026-08-18,0,0
stufield/stu-field-lab-results,2026-08-19,0,0
stufield/stu-field-lab-results,2026-08-20,0,0
stufield/stu-field-lab-results,2026-08-21,0,0
stufield/stu-field-lab-results,2026-08-22,0,0
stufield/stu-field-lab-results,2026-08-23,0,0
stufield/stu-field-lab-results,2026-08-24,0,0
stufield/stu-field-lab-results,2026-08-25,0,0
stufield/stu-field-lab-results,2026-08-26,0,0
stufield/stu-field-lab-results,2026-08-27,0,0
stufield/stu-field-lab-results,2026-08-28,0,0
stufield/stu-field-lab-results,2026-08-29,0,0
stufield/stu-field-lab-results,2026-08-30,0,0
stufield/stu-field-lab-results,2026-08-31,0,0
stufield/stu-field-lab-results,2026-09-01,0,0
stufield/stu-field-lab-results,2026-09-02,0,0
stufield/stu-field-lab-results,2026-09-03,0,0
stufield/stu-field-lab-results,2026-09-04,0,0
stufield/stufield,2026-08-04,1,1
stufield/stufield,2026-08-05,0,0
stufield/stufield,2026-08-06,0,0
stufield/stufield,2026-08-07,0,0
stufield/stufield,2026-08-08,0,0
stufield/stufield,2026-08-09,0,0
stufield/stufield,2026-08-10,0,0
stufield/stufield,2026-08-11,0,0
stufield/stufield,2026-08-12,1,1
stufield/stufield,2026-08-13,0,0
stufield/stufield,2026-08-14,1,1
stufield/stufield,2026-08-15,1,1
stufield/stufield,2026-08-16,0,0
stufield/stufield,2026-08-17,1,1
stufield/stufield,2026-08-18,55,1
stufield/stufield,2026-08-19,136,1
stufield/stufield,2026-08-20,23,1
stufield/stufield,2026-08-21,8,1
stufield/stufield,2026-08-22,0,0
stufield/stufield,2026-08-23,0,0
stufield/stufield,2026-08-24,13,1
stufield/stufield,2026-08-25,0,0
stufield/stufield,2026-08-26,0,0
stufield/stufield,2026-08-27,0,0
stufield/stufield,2026-08-28,0,0
stufield/stufield,2026-08-29,0,0
stufield/stufield,2026-08-30,0,0
stufield/stufield,2026-08-31,26,1
stufield/stufield,2026-09-01,1,1
stufield/stufield,2026-09-02,2,2
stufield/stufield,2026-09-03,1,1
stufield/stufield,2026-09-04,0,0
stufield/system-config,2026-08-04,0,0
stufield/system-config,2026-08-05,0,0
stufield/system-config,2026-08-06,5,1
stufield/system-config,2026-08-07,1,1
stufield/system-config,2026-08-08,0,0
stufield/system-config,2026-08-09,0,0
stufield/system-config,2026-08-10,0,0
stufield/system-config,2026-08-11,4,1
stufield/system-config,2026-08-12,4,2
stufield/system-config,2026-08-13,0,0
stufield/system-config,2026-08-14,0,0
stufield/system-config,2026-08-15,0,0
stufield/system-config,2026-08-16,0,0
stufield/system-config,2026-08-17,0,0
stufield/system-config,2026-08-18,0,0
stufield/system-config,2026-08-19,1,1
stufield/system-config,2026-08-20,0,0
stufield/system-config,2026-08-21,0,0
stufield/system-config,2026-08-22,0,0
stufield/system-config,2026-08-23,0,0
stufield/system-config,2026-08-24,0,0
stufield/system-config,2026-08-25,0,0
stufield/system-config,2026-08-26,0,0
stufield/system-config,2026-08-27,0,0
stufield/system-config,2026-08-28,1,1
stufield/system-config,2026-08-29,2,1
stufield/system-config,2026-08-30,0,0
stufield/system-config,2026-08-31,1,1
stufield/system-config,2026-09-01,1,1
stufield/system-config,2026-09-02,0,0
stufield/system-config,2026-09-03,0,0
stufield/system-config,2026-09-04,0,0
stufield/tar-backup,2026-08-05,0,0
stufield/tar-backup,2026-08-06,0,0
stufield/tar-backup,2026-08-07,0,0
stufield/tar-backup,2026-08-08,0,0
stufield/tar-backup,2026-08-09,0,0
stufield/tar-backup,2026-08-10,0,0
stufield/tar-backup,2026-08-11,0,0
stufield/tar-backup,2026-08-12,0,0
stufield/tar-backup,2026-08-13,0,0
stufield/tar-backup,2026-08-14,0,0
stufield/tar-backup,2026-08-15,0,0
stufield/tar-backup,2026-08-16,0,0
stufield/tar-backup,2026-08-17,0,0
stufield/tar-backup,2026-08-18,0,0
stufield/tar-backup,2026-08-19,0,0
stufield/tar-backup,2026-08-20,0,0
stufield/tar-backup,2026-08-21,0,0
stufield/tar-backup,2026-08-22,0,0
stufield/tar-backup,2026-08-23,0,0
stufield/tar-backup,2026-08-24,0,0
stufield/tar-backup,2026-08-25,0,0
stufield/tar-backup,2026-08-26,0,0
stufield/tar-backup,2026-08-27,0,0
stufield/tar-backup,2026-08-28,0,0
stufield/tar-backup,2026-08-29,0,0
stufield/tar-backup,2026-08-30,0,0
stufield/tar-backup,2026-08-31,0,0
stufield/tar-backup,2026-09-01,0,0
stufield/tar-backup,2026-09-02,0,0
stufield/tar-backup,2026-09-03,0,0
stufield/tar-backup,2026-09-04,0,0
stufield/tar-backup,2026-09-05,0,0
stufield/tech-interview-coding,2026-08-04,0,0
stufield/tech-interview-coding,2026-08-05,0,0
stufield/tech-interview-coding,2026-08-06,0,0
stufield/tech-interview-coding,2026-08-07,0,0
stufield/tech-interview-coding,2026-08-08,0,0
stufield/tech-interview-coding,2026-08-09,0,0
stufield/tech-interview-coding,2026-08-10,0,0
stufield/tech-interview-coding,2026-08-11,0,0
stufield/tech-interview-coding,2026-08-12,0,0
stufield/tech-interview-coding,2026-08-13,0,0
stufield/tech-interview-coding,2026-08-14,0,0
stufield/tech-interview-coding,2026-08-15,0,0
stufield/tech-interview-coding,2026-08-16,0,0
stufield/tech-interview-coding,2026-08-17,0,0
stufield/tech-interview-coding,2026-08-18,0,0
stufield/tech-interview-coding,2026-08-19,0,0
stufield/tech-interview-coding,2026-08-20,0,0
stufield/tech-interview-coding,2026-08-21,0,0
stufield/tech-interview-coding,2026-08-22,0,0
stufield/tech-interview-coding,2026-08-23,0,0
stufield/tech-interview-coding,2026-08-24,0,0
stufield/tech-interview-coding,2026-08-25,0,0
stufield/tech-interview-coding,2026-08-26,0,0
stufield/tech-interview-coding,2026-08-27,0,0
stufield/tech-interview-coding,2026-08-28,0,0
stufield/tech-interview-coding,2026-08-29,0,0
stufield/tech-interview-coding,2026-08-30,0,0
stufield/tech-interview-coding,2026-08-31,0,0
stufield/tech-interview-coding,2026-09-01,0,0
stufield/tech-interview-coding,2026-09-02,0,0
stufield/tech-interview-coding,2026-09-03,0,0
stufield/tech-interview-coding,2026-09-04,0,0
stufield/tech-notes,2026-08-04,0,0
stufield/tech-notes,2026-08-05,0,0
stufield/tech-notes,2026-08-06,0,0
stufield/tech-notes,2026-08-07,0,0
stufield/tech-notes,2026-08-08,0,0
stufield/tech-notes,2026-08-09,0,0
stufield/tech-notes,2026-08-10,0,0
stufield/tech-notes,2026-08-11,0,0
stufield/tech-notes,2026-08-12,0,0
stufield/tech-notes,2026-08-13,0,0
stufield/tech-notes,2026-08-14,0,0
stufield/tech-notes,2026-08-15,0,0
stufield/tech-notes,2026-08-16,0,0
stufield/tech-notes,2026-08-17,0,0
stufield/tech-notes,2026-08-18,0,0
stufield/tech-notes,2026-08-19,0,0
stufield/tech-notes,2026-08-20,0,0
stufield/tech-notes,2026-08-21,0,0
stufield/tech-notes,2026-08-22,0,0
stufield/tech-notes,2026-08-23,0,0
stufield/tech-notes,2026-08-24,0,0
stufield/tech-notes,2026-08-25,0,0
stufield/tech-notes,2026-08-26,0,0
stufield/tech-notes,2026-08-27,0,0
stufield/tech-notes,2026-08-28,0,0
stufield/tech-notes,2026-08-29,0,0
stufield/tech-notes,2026-08-30,0,0
stufield/tech-notes,2026-08-31,0,0
stufield/tech-notes,2026-09-01,0,0
stufield/tech-notes,2026-09-02,0,0
stufield/tech-notes,2026-09-03,0,0
stufield/tech-notes,2026-09-04,0,0
stufield/TestPkg,2026-08-04,0,0
stufield/TestPkg,2026-08-05,0,0
stufield/TestPkg,2026-08-06,0,0
stufield/TestPkg,2026-08-07,0,0
stufield/TestPkg,2026-08-08,0,0
stufield/TestPkg,2026-08-09,2,2
stufield/TestPkg,2026-08-10,0,0
stufield/TestPkg,2026-08-11,1,1
stufield/TestPkg,2026-08-12,0,0
stufield/TestPkg,2026-08-13,0,0
stufield/TestPkg,2026-08-14,0,0
stufield/TestPkg,2026-08-15,0,0
stufield/TestPkg,2026-08-16,0,0
stufield/TestPkg,2026-08-17,0,0
stufield/TestPkg,2026-08-18,0,0
stufield/TestPkg,2026-08-19,0,0
stufield/TestPkg,2026-08-20,0,0
stufield/TestPkg,2026-08-21,0,0
stufield/TestPkg,2026-08-22,0,0
stufield/TestPkg,2026-08-23,0,0
stufield/TestPkg,2026-08-24,0,0
stufield/TestPkg,2026-08-25,0,0
stufield/TestPkg,2026-08-26,0,0
stufield/TestPkg,2026-08-27,0,0
stufield/TestPkg,2026-08-28,0,0
stufield/TestPkg,2026-08-29,0,0
stufield/TestPkg,2026-08-30,0,0
stufield/TestPkg,2026-08-31,0,0
stufield/TestPkg,2026-09-01,0,0
stufield/tidy-tools-2018,2026-08-01,0,0
stufield/tidy-tools-2018,2026-08-02,0,0
stufield/tidy-tools-2018,2026-08-03,0,0
stufield/tidy-tools-2018,2026-08-04,0,0
stufield/tidy-tools-2018,2026-08-05,0,0
stufield/tidy-tools-2018,2026-08-06,0,0
stufield/tidy-tools-2018,2026-08-07,0,0
stufield/tidy-tools-2018,2026-08-08,0,0
stufield/tidy-tools-2018,2026-08-09,0,0
stufield/tidy-tools-2018,2026-08-10,0,0
stufield/tidy-tools-2018,2026-08-11,0,0
stufield/tidy-tools-2018,2026-08-12,0,0
stufield/tidy-tools-2018,2026-08-13,0,0
stufield/tidy-tools-2018,2026-08-14,0,0
stufield/tidy-tools-2018,2026-08-15,0,0
stufield/tidy-tools-2018,2026-08-16,0,0
stufield/tidy-tools-2018,2026-08-17,0,0
stufield/tidy-tools-2018,2026-08-18,0,0
stufield/tidy-tools-2018,2026-08-19,0,0
stufield/tidy-tools-2018,2026-08-20,0,0
stufield/tidy-tools-2018,2026-08-21,0,0
stufield/tidy-tools-2018,2026-08-22,0,0
stufield/tidy-tools-2018,2026-08-23,0,0
stufield/tidy-tools-2018,2026-08-24,0,0
stufield/tidy-tools-2018,2026-08-25,0,0
stufield/tidy-tools-2018,2026-08-26,0,0
stufield/tidy-tools-2018,2026-08-27,0,0
stufield/tidy-tools-2018,2026-08-28,0,0
stufield/tidy-tools-2018,2026-08-29,0,0
stufield/tidy-tools-2018,2026-08-30,0,0
stufield/tidy-tools-2018,2026-08-31,0,0
stufield/tidy-tools-2018,2026-09-01,0,0
stufield/tidy-tools-2018,2026-09-02,0,0
stufield/tidy-tools-2018,2026-09-03,0,0
stufield/tidy-tools-2018,2026-09-04,0,0
stufield/tools,2026-08-05,0,0
stufield/tools,2026-08-06,0,0
stufield/tools,2026-08-07,0,0
stufield/tools,2026-08-08,0,0
stufield/tools,2026-08-09,0,0
stufield/tools,2026-08-10,0,0
stufield/tools,2026-08-11,0,0
stufield/tools,2026-08-12,0,0
stufield/tools,2026-08-13,0,0
stufield/tools,2026-08-14,0,0
stufield/tools,2026-08-15,0,0
stufield/tools,2026-08-16,0,0
stufield/tools,2026-08-17,0,0
stufield/tools,2026-08-18,0,0
stufield/tools,2026-08-19,0,0
stufield/tools,2026-08-20,0,0
stufield/tools,2026-08-21,0,0
stufield/tools,2026-08-22,0,0
stufield/tools,2026-08-23,0,0
stufield/tools,2026-08-24,0,0
stufield/tools,2026-08-25,0,0
stufield/tools,2026-08-26,0,0
stufield/tools,2026-08-27,0,0
stufield/tools,2026-08-28,0,0
stufield/tools,2026-08-29,0,0
stufield/tools,2026-08-30,0,0
stufield/tools,2026-08-31,0,0
stufield/tools,2026-09-01,0,0
stufield/tools,2026-09-02,0,0
stufield/tools,2026-09-03,0,0
stufield/tools,2026-09-04,0,0
stufield/tools,2026-09-05,0,0
stufield/White-Pine-Blister-Rust,2026-08-04,0,0
stufield/White-Pine-Blister-Rust,2026-08-05,0,0
stufield/White-Pine-Blister-Rust,2026-08-06,0,0
stufield/White-Pine-Blister-Rust,2026-08-07,0,0
stufield/White-Pine-Blister-Rust,2026-08-08,0,0
stufield/White-Pine-Blister-Rust,2026-08-09,0,0
stufield/White-Pine-Blister-Rust,2026-08-10,0,0
stufield/White-Pine-Blister-Rust,2026-08-11,0,0
stufield/White-Pine-Blister-Rust,2026-08-12,0,0
stufield/White-Pine-Blister-Rust,2026-08-13,0,0
stufield/White-Pine-Blister-Rust,2026-08-14,0,0
stufield/White-Pine-Blister-Rust,2026-08-15,0,0
stufield/White-Pine-Blister-Rust,2026-08-16,0,0
stufield/White-Pine-Blister-Rust,2026-08-17,0,0
stufield/White-Pine-Blister-Rust,2026-08-18,0,0
stufield/White-Pine-Blister-Rust,2026-08-19,0,0
stufield/White-Pine-Blister-Rust,2026-08-20,0,0
stufield/White-Pine-Blister-Rust,2026-08-21,0,0
stufield/White-Pine-Blister-Rust,2026-08-22,0,0
stufield/White-Pine-Blister-Rust,2026-08-23,0,0
stufield/White-Pine-Blister-Rust,2026-08-24,0,0
stufield/White-Pine-Blister-Rust,2026-08-25,0,0
stufield/White-Pine-Blister-Rust,2026-08-26,0,0
stufield/White-Pine-Blister-Rust,2026-08-27,0,0
stufield/White-Pine-Blister-Rust,2026-08-28,0,0
stufield/White-Pine-Blister-Rust,2026-08-29,0,0
stufield/White-Pine-Blister-Rust,2026-08-30,0,0
stufield/White-Pine-Blister-Rust,2026-08-31,0,0
stufield/White-Pine-Blister-Rust,2026-09-01,0,0
stufield/White-Pine-Blister-Rust,2026-09-02,0,0
stufield/White-Pine-Blister-Rust,2026-09-03,0,0
stufield/White-Pine-Blister-Rust,2026-09-04,0,0
stufield/wranglr,2026-08-04,0,0
stufield/wranglr,2026-08-05,0,0
stufield/wranglr,2026-08-06,0,0
stufield/wranglr,2026-08-07,2,1
stufield/wranglr,2026-08-08,0,0
stufield/wranglr,2026-08-09,0,0
stufield/wranglr,2026-08-10,0,0
stufield/wranglr,2026-08-11,0,0
stufield/wranglr,2026-08-12,0,0
stufield/wranglr,2026-08-13,0,0
stufield/wranglr,2026-08-14,0,0
stufield/wranglr,2026-08-15,0,0
stufield/wranglr,2026-08-16,0,0
stufield/wranglr,2026-08-17,0,0
stufield/wranglr,2026-08-18,1,1
stufield/wranglr,2026-08-19,0,0
stufield/wranglr,2026-08-20,0,0
stufield/wranglr,2026-08-21,0,0
stufield/wranglr,2026-08-22,0,0
stufield/wranglr,2026-08-23,0,0
stufield/wranglr,2026-08-24,0,0
stufield/wranglr,2026-08-25,0,0
stufield/wranglr,2026-08-26,0,0
stufield/wranglr,2026-08-27,0,0
stufield/wranglr,2026-08-28,0,0
stufield/wranglr,2026-08-29,0,0
stufield/wranglr,2026-08-30,0,0
stufield/wranglr,2026-08-31,0,0
stufield/wranglr,2026-09-01,0,0
stufield/wranglr,2026-09-02,0,0
stufield/wranglr,2026-09-03,0,0
stufield/wranglr,2026-09-04,0,0
stufield/wtf-2019-rsc,2026-07-25,0,0
stufield/wtf-2019-rsc,2026-07-26,0,0
stufield/wtf-2019-rsc,2026-07-27,0,0
stufield/wtf-2019-rsc,2026-07-28,0,0
stufield/wtf-2019-rsc,2026-07-29,0,0
stufield/wtf-2019-rsc,2026-07-30,0,0
stufield/wtf-2019-rsc,2026-07-31,0,0
stufield/wtf-2019-rsc,2026-08-01,0,0
stufield/wtf-2019-rsc,2026-08-02,0,0
stufield/wtf-2019-rsc,2026-08-03,0,0
stufield/wtf-2019-rsc,2026-08-04,0,0
stufield/wtf-2019-rsc,2026-08-05,0,0
stufield/wtf-2019-rsc,2026-08-06,0,0
stufield/wtf-2019-rsc,2026-08-07,0,0
stufield/wtf-2019-rsc,2026-08-10,0,0
stufield/wtf-2019-rsc,2026-08-11,0,0
stufield/wtf-2019-rsc,2026-08-12,0,0
stufield/wtf-2019-rsc,2026-08-13,0,0
stufield/wtf-2019-rsc,2026-08-14,0,0
stufield/wtf-2019-rsc,2026-08-15,0,0
stufield/wtf-2019-rsc,2026-08-16,0,0
stufield/wtf-2019-rsc,2026-08-17,0,0
stufield/wtf-2019-rsc,2026-08-18,0,0
stufield/wtf-2019-rsc,2026-08-19,0,0
stufield/wtf-2019-rsc,2026-08-20,0,0
stufield/wtf-2019-rsc,2026-08-21,0,0
stufield/wtf-2019-rsc,2026-08-22,0,0
stufield/wtf-2019-rsc,2026-08-23,0,0
stufield/wtf-2019-rsc,2026-08-24,0,0
stufield/wtf-2019-rsc,2026-08-25,0,0
stufield/wtf-2019-rsc,2026-08-26,0,0
stufield/wtf-2019-rsc,2026-08-27,0,0
stufield/wtf-2019-rsc,2026-08-28,0,0
stufield/wtf-2019-rsc,2026-08-29,0,0
stufield/wtf-2019-rsc,2026-08-30,0,0
stufield/wtf-2019-rsc,2026-08-31,0,0
stufield/wtf-2019-rsc,2026-09-01,0,0
stufield/wtf-2019-rsc,2026-09-02,0,0
stufield/wtf-2019-rsc,2026-09-03,0,0
stufield/wtf-2019-rsc,2026-09-04,0,0
stufield/wtf-2019-rsc,2026-09-05,0,0
